{"cameraMode":{"drawMode":0,"name":"Shaded","section":"Shading Mode"},"sceneLighting":false,"audioPlay":false,"sceneViewState":{"m_AlwaysRefresh":false,"showFog":true,"showSkybox":false,"showFlares":true,"showImageEffects":true,"showParticleSystems":true,"showVisualEffectGraphs":true,"m_FxEnabled":true},"in2DMode":false,"pivot":{"x":0.4178759455680847,"y":0.5227146148681641,"z":0.31903985142707827},"rotation":{"x":0.02825102023780346,"y":0.7391636371612549,"z":-0.031063197180628778,"w":0.6722162365913391},"size":0.19561710953712464,"orthographic":true}