{"cameraMode":{"drawMode":0,"name":"Shaded","section":"Shading Mode"},"sceneLighting":true,"audioPlay":false,"sceneViewState":{"m_AlwaysRefresh":false,"showFog":true,"showSkybox":true,"showFlares":true,"showImageEffects":true,"showParticleSystems":true,"showVisualEffectGraphs":true,"m_FxEnabled":true},"in2DMode":false,"pivot":{"x":0.2623196542263031,"y":21.079206466674806,"z":2.2462680339813234},"rotation":{"x":0.009023115038871766,"y":0.7079405188560486,"z":-0.009371113032102585,"w":0.7070431709289551},"size":1.122228980064392,"orthographic":true}